{
    "best_trial_number": 1,
    "best_validation_r2_score": -53.053355434269164,
    "test_r2_score": -53.20718853187484,
    "additional_test_r2_scores": [
        -59.576010297038756,
        -46.83836676671093
    ],
    "additional_val_r2_scores": [
        -55.540163916590174,
        -50.56654695194816
    ]
}